stream_id,gesture_order,gesture,start_sample,end_sample
0,0,good-morning_5.csv,64,319
0,1,thank-you_29.csv,352,492
0,2,please_30.csv,525,707
0,3,i-love-you_25.csv,740,965
1,0,i-love-you_13.csv,80,398
1,1,i-am-fine_16.csv,439,643
1,2,thank-you_23.csv,684,833
1,3,i-am-fine_1.csv,874,1098
2,0,thank-you_10.csv,26,277
2,1,excuse-me_7.csv,291,500
2,2,excuse-me_7.csv,514,723
2,3,please_30.csv,737,919
3,0,please_36.csv,30,217
3,1,hello_22.csv,233,392
3,2,good-morning_11.csv,408,615
4,0,please_23.csv,56,235
4,1,please_28.csv,264,459
4,2,good-afternoon_12.csv,488,731
5,0,i-love-you_23.csv,50,276
5,1,please_29.csv,302,506
5,2,good-afternoon_17.csv,532,803
6,0,i-am-fine_9.csv,58,247
6,1,hello_21.csv,277,457
6,2,please_33.csv,487,668
6,3,good-morning_23.csv,698,889
7,0,please_39.csv,82,270
7,1,excuse-me_15.csv,312,490
7,2,hello_5.csv,532,733
7,3,please_36.csv,775,962
8,0,hello_4.csv,30,300
8,1,good-afternoon_3.csv,316,560
8,2,hello_22.csv,576,735
8,3,i-love-you_27.csv,751,974
9,0,i-love-you_19.csv,72,342
9,1,thank-you_15.csv,379,560
9,2,excuse-me_7.csv,597,806
10,0,thank-you_18.csv,78,227
10,1,i-love-you_12.csv,267,586
10,2,good-morning_24.csv,626,815
11,0,excuse-me_16.csv,28,183
11,1,please_16.csv,198,462
11,2,good-morning_19.csv,477,722
11,3,good-afternoon_1.csv,737,959
12,0,good-afternoon_12.csv,42,285
12,1,good-morning_22.csv,307,591
12,2,i-am-fine_5.csv,613,844
13,0,thank-you_28.csv,80,231
13,1,good-afternoon_5.csv,272,503
13,2,please_26.csv,544,740
14,0,good-morning_21.csv,26,310
14,1,good-morning_9.csv,324,619
14,2,thank-you_18.csv,633,782
14,3,hello_15.csv,796,979
15,0,good-afternoon_8.csv,80,289
15,1,good-morning_1.csv,330,568
15,2,excuse-me_2.csv,609,799
15,3,thank-you_25.csv,840,982
16,0,thank-you_27.csv,22,168
16,1,good-morning_12.csv,180,445
16,2,please_5.csv,457,713
16,3,good-afternoon_6.csv,725,951
17,0,hello_7.csv,22,251
17,1,thank-you_23.csv,263,412
17,2,hello_16.csv,424,623
17,3,please_9.csv,635,888
18,0,i-am-fine_13.csv,76,258
18,1,please_33.csv,297,478
18,2,please_20.csv,517,790
18,3,good-afternoon_22.csv,829,1093
19,0,please_16.csv,78,342
19,1,hello_29.csv,382,552
19,2,good-morning_23.csv,592,783
20,0,good-afternoon_4.csv,26,276
20,1,good-morning_6.csv,290,523
20,2,hello_4.csv,537,807
21,0,thank-you_9.csv,20,181
21,1,i-love-you_16.csv,192,473
21,2,please_8.csv,484,750
21,3,i-love-you_2.csv,761,1019
22,0,thank-you_3.csv,78,319
22,1,thank-you_4.csv,359,588
22,2,thank-you_10.csv,628,879
22,3,i-love-you_19.csv,919,1189
23,0,thank-you_17.csv,48,190
23,1,thank-you_2.csv,215,427
23,2,i-am-fine_7.csv,452,712
24,0,i-love-you_20.csv,54,324
24,1,i-love-you_23.csv,352,578
24,2,i-am-fine_3.csv,606,824
24,3,please_25.csv,852,1060
25,0,i-love-you_16.csv,88,369
25,1,i-love-you_10.csv,414,722
25,2,i-am-fine_8.csv,767,1020
26,0,please_8.csv,66,332
26,1,please_27.csv,366,519
26,2,i-am-fine_7.csv,553,813
26,3,thank-you_16.csv,847,1031
27,0,i-am-fine_18.csv,72,252
27,1,i-am-fine_9.csv,289,478
27,2,good-morning_5.csv,515,770
27,3,please_23.csv,807,986
28,0,i-am-fine_23.csv,30,228
28,1,good-afternoon_11.csv,244,467
28,2,i-am-fine_2.csv,483,725
29,0,please_7.csv,68,296
29,1,thank-you_20.csv,331,484
29,2,thank-you_5.csv,519,761
29,3,i-am-fine_25.csv,796,973
30,0,good-morning_2.csv,28,254
30,1,i-am-fine_26.csv,269,458
30,2,thank-you_21.csv,473,629
30,3,please_12.csv,644,921
31,0,hello_4.csv,44,314
31,1,good-morning_10.csv,337,601
31,2,thank-you_21.csv,624,780
32,0,good-afternoon_1.csv,46,268
32,1,please_37.csv,292,486
32,2,please_14.csv,510,780
33,0,good-afternoon_2.csv,66,321
33,1,good-afternoon_16.csv,355,569
33,2,hello_17.csv,603,756
34,0,excuse-me_12.csv,28,218
34,1,good-morning_19.csv,233,478
34,2,please_15.csv,493,773
34,3,thank-you_10.csv,788,1039
35,0,i-love-you_29.csv,48,271
35,1,i-love-you_17.csv,296,608
35,2,please_18.csv,633,940
36,0,hello_8.csv,70,308
36,1,i-am-fine_4.csv,344,610
36,2,i-am-fine_24.csv,646,825
36,3,good-morning_24.csv,861,1050
37,0,excuse-me_8.csv,22,250
37,1,good-morning_16.csv,262,559
37,2,thank-you_23.csv,571,720
38,0,thank-you_9.csv,40,201
38,1,good-afternoon_22.csv,222,486
38,2,please_39.csv,507,695
39,0,thank-you_7.csv,20,267
39,1,hello_12.csv,278,507
39,2,thank-you_13.csv,518,682
39,3,i-love-you_20.csv,693,963
40,0,good-morning_26.csv,28,200
40,1,good-afternoon_11.csv,215,438
40,2,hello_14.csv,453,614
40,3,please_35.csv,629,816
41,0,excuse-me_16.csv,30,185
41,1,please_9.csv,201,454
41,2,good-morning_3.csv,470,684
41,3,thank-you_17.csv,700,842
42,0,i-am-fine_28.csv,80,256
42,1,good-afternoon_11.csv,297,520
42,2,good-afternoon_16.csv,561,775
42,3,i-love-you_6.csv,816,1113
43,0,i-am-fine_27.csv,44,225
43,1,i-am-fine_1.csv,248,472
43,2,hello_16.csv,495,694
43,3,i-am-fine_10.csv,717,936
44,0,i-love-you_12.csv,74,393
44,1,i-love-you_21.csv,431,711
44,2,excuse-me_7.csv,749,958
44,3,good-morning_11.csv,996,1203
45,0,i-love-you_12.csv,80,399
45,1,i-am-fine_3.csv,440,658
45,2,i-am-fine_23.csv,699,897
45,3,good-morning_19.csv,938,1183
46,0,please_3.csv,86,337
46,1,good-morning_17.csv,381,692
46,2,hello_10.csv,736,956
46,3,please_30.csv,1000,1182
47,0,hello_3.csv,20,281
47,1,good-morning_12.csv,292,557
47,2,hello_2.csv,568,797
47,3,i-am-fine_1.csv,808,1032
48,0,thank-you_28.csv,24,175
48,1,thank-you_7.csv,188,435
48,2,good-afternoon_9.csv,448,645
48,3,thank-you_4.csv,658,887
49,0,please_1.csv,22,267
49,1,i-love-you_13.csv,279,597
49,2,thank-you_16.csv,609,793
50,0,i-love-you_20.csv,76,346
50,1,excuse-me_7.csv,385,594
50,2,please_1.csv,633,878
50,3,i-am-fine_8.csv,917,1170
51,0,good-afternoon_14.csv,80,332
51,1,please_35.csv,373,560
51,2,good-afternoon_16.csv,601,815
51,3,i-am-fine_17.csv,856,986
52,0,i-am-fine_22.csv,20,202
52,1,please_5.csv,213,469
52,2,good-afternoon_7.csv,480,710
52,3,hello_8.csv,721,959
53,0,i-am-fine_23.csv,72,270
53,1,i-love-you_28.csv,307,530
53,2,i-love-you_20.csv,567,837
54,0,i-am-fine_18.csv,80,260
54,1,excuse-me_16.csv,301,456
54,2,i-am-fine_25.csv,497,674
55,0,good-morning_9.csv,82,377
55,1,please_26.csv,419,615
55,2,hello_25.csv,657,815
55,3,excuse-me_14.csv,857,1000
56,0,i-am-fine_25.csv,24,201
56,1,thank-you_27.csv,214,360
56,2,thank-you_14.csv,373,533
56,3,hello_19.csv,546,715
57,0,excuse-me_16.csv,50,205
57,1,please_14.csv,231,501
57,2,hello_21.csv,527,707
58,0,excuse-me_13.csv,44,238
58,1,i-am-fine_10.csv,261,480
58,2,please_18.csv,503,810
58,3,hello_27.csv,833,1009
59,0,good-morning_18.csv,50,332
59,1,good-afternoon_6.csv,358,584
59,2,good-morning_15.csv,610,885
59,3,i-am-fine_18.csv,911,1091
60,0,please_2.csv,48,287
60,1,hello_25.csv,312,470
60,2,excuse-me_2.csv,495,685
60,3,thank-you_21.csv,710,866
61,0,please_8.csv,22,288
61,1,i-love-you_11.csv,300,591
61,2,please_8.csv,603,869
61,3,please_15.csv,881,1161
62,0,good-afternoon_20.csv,30,283
62,1,please_18.csv,299,606
62,2,please_26.csv,622,818
63,0,excuse-me_9.csv,66,255
63,1,i-love-you_15.csv,289,553
63,2,good-morning_16.csv,587,884
63,3,good-morning_1.csv,918,1156
64,0,good-morning_7.csv,50,272
64,1,good-morning_16.csv,298,595
64,2,i-love-you_1.csv,621,921
64,3,hello_8.csv,947,1185
65,0,good-morning_23.csv,28,219
65,1,good-afternoon_18.csv,234,504
65,2,hello_7.csv,519,748
65,3,i-am-fine_23.csv,763,961
66,0,thank-you_7.csv,20,267
66,1,hello_23.csv,278,413
66,2,i-love-you_15.csv,424,688
66,3,i-love-you_12.csv,699,1018
67,0,thank-you_22.csv,50,222
67,1,i-love-you_19.csv,248,518
67,2,please_24.csv,544,727
67,3,please_35.csv,753,940
68,0,hello_4.csv,24,294
68,1,good-morning_21.csv,307,591
68,2,thank-you_30.csv,604,765
68,3,thank-you_15.csv,778,959
69,0,i-love-you_17.csv,46,358
69,1,i-love-you_18.csv,382,671
69,2,hello_18.csv,695,857
69,3,i-am-fine_26.csv,881,1070
70,0,hello_27.csv,46,222
70,1,thank-you_9.csv,246,407
70,2,i-love-you_12.csv,431,750
70,3,good-morning_20.csv,774,1054
71,0,please_8.csv,70,336
71,1,good-afternoon_8.csv,372,581
71,2,i-am-fine_7.csv,617,877
71,3,excuse-me_1.csv,913,1096
72,0,good-morning_12.csv,78,343
72,1,good-morning_28.csv,383,562
72,2,hello_30.csv,602,770
72,3,please_21.csv,810,1094
73,0,thank-you_21.csv,50,206
73,1,good-morning_6.csv,232,465
73,2,good-afternoon_4.csv,491,741
73,3,good-afternoon_8.csv,767,976
74,0,hello_7.csv,30,259
74,1,good-afternoon_1.csv,275,497
74,2,i-love-you_20.csv,513,783
74,3,please_3.csv,799,1050
75,0,i-love-you_11.csv,44,335
75,1,thank-you_14.csv,358,518
75,2,please_18.csv,541,848
76,0,good-afternoon_8.csv,46,255
76,1,good-morning_20.csv,279,559
76,2,please_26.csv,583,779
76,3,thank-you_5.csv,803,1045
77,0,please_38.csv,68,265
77,1,please_6.csv,300,554
77,2,i-am-fine_10.csv,589,808
77,3,i-love-you_24.csv,843,1048
78,0,please_36.csv,68,255
78,1,i-love-you_20.csv,290,560
78,2,please_32.csv,595,774
78,3,good-morning_16.csv,809,1106
79,0,thank-you_10.csv,54,305
79,1,please_19.csv,333,558
79,2,i-love-you_25.csv,586,811
80,0,please_35.csv,54,241
80,1,good-afternoon_2.csv,269,524
80,2,thank-you_20.csv,552,705
81,0,i-love-you_5.csv,54,274
81,1,i-am-fine_12.csv,302,491
81,2,i-love-you_23.csv,519,745
82,0,good-afternoon_3.csv,74,318
82,1,please_18.csv,356,663
82,2,good-morning_6.csv,701,934
82,3,thank-you_13.csv,972,1136
83,0,i-am-fine_21.csv,68,223
83,1,good-afternoon_9.csv,258,455
83,2,thank-you_8.csv,490,708
84,0,hello_24.csv,30,210
84,1,good-afternoon_4.csv,226,476
84,2,please_9.csv,492,745
85,0,good-morning_1.csv,52,290
85,1,please_38.csv,317,514
85,2,i-am-fine_3.csv,541,759
86,0,thank-you_30.csv,58,219
86,1,i-love-you_29.csv,249,472
86,2,thank-you_20.csv,502,655
87,0,please_16.csv,56,320
87,1,good-morning_15.csv,349,624
87,2,please_28.csv,653,848
88,0,thank-you_9.csv,78,239
88,1,please_17.csv,279,550
88,2,excuse-me_14.csv,590,733
89,0,excuse-me_4.csv,30,231
89,1,good-morning_19.csv,247,492
89,2,please_6.csv,508,762
90,0,please_14.csv,46,316
90,1,hello_5.csv,340,541
90,2,excuse-me_8.csv,565,793
91,0,please_31.csv,54,242
91,1,please_31.csv,270,458
91,2,i-love-you_14.csv,486,806
92,0,good-morning_7.csv,50,272
92,1,hello_15.csv,298,481
92,2,hello_11.csv,507,725
93,0,i-love-you_10.csv,74,382
93,1,good-morning_10.csv,420,684
93,2,thank-you_29.csv,722,862
94,0,good-morning_10.csv,66,330
94,1,i-am-fine_10.csv,364,583
94,2,hello_14.csv,617,778
95,0,good-morning_24.csv,50,239
95,1,thank-you_1.csv,265,504
95,2,hello_26.csv,530,689
95,3,please_5.csv,715,971
96,0,hello_9.csv,44,304
96,1,i-love-you_27.csv,327,550
96,2,please_1.csv,573,818
97,0,good-morning_23.csv,24,215
97,1,i-am-fine_4.csv,228,494
97,2,i-am-fine_22.csv,507,689
98,0,good-morning_27.csv,48,234
98,1,excuse-me_5.csv,259,506
98,2,i-am-fine_12.csv,531,720
99,0,i-love-you_27.csv,66,289
99,1,excuse-me_4.csv,323,524
99,2,hello_3.csv,558,819
99,3,thank-you_7.csv,853,1100
100,0,please_30.csv,28,210
100,1,i-love-you_12.csv,225,544
100,2,i-love-you_7.csv,559,830
100,3,good-afternoon_20.csv,845,1098
101,0,good-morning_5.csv,78,333
101,1,please_12.csv,373,650
101,2,please_23.csv,690,869
101,3,i-am-fine_7.csv,909,1169
102,0,good-afternoon_21.csv,48,308
102,1,i-love-you_3.csv,333,598
102,2,good-morning_16.csv,623,920
102,3,good-afternoon_19.csv,945,1201
103,0,excuse-me_7.csv,30,239
103,1,please_14.csv,255,525
103,2,hello_24.csv,541,721
104,0,i-am-fine_5.csv,20,251
104,1,i-love-you_7.csv,262,533
104,2,excuse-me_8.csv,544,772
104,3,i-love-you_25.csv,783,1008
105,0,i-love-you_23.csv,30,256
105,1,excuse-me_9.csv,272,461
105,2,thank-you_11.csv,477,741
105,3,please_18.csv,757,1064
106,0,thank-you_6.csv,52,282
106,1,i-am-fine_13.csv,309,491
106,2,i-love-you_3.csv,518,783
107,0,please_25.csv,66,274
107,1,thank-you_20.csv,308,461
107,2,good-morning_19.csv,495,740
108,0,good-afternoon_12.csv,76,319
108,1,i-love-you_18.csv,358,647
108,2,hello_12.csv,686,915
108,3,i-am-fine_28.csv,954,1130
109,0,thank-you_5.csv,54,296
109,1,please_39.csv,324,512
109,2,please_33.csv,540,721
110,0,please_20.csv,26,299
110,1,please_40.csv,313,524
110,2,please_1.csv,538,783
110,3,hello_18.csv,797,959
111,0,good-afternoon_9.csv,80,277
111,1,thank-you_22.csv,318,490
111,2,i-am-fine_8.csv,531,784
111,3,i-am-fine_25.csv,825,1002
112,0,thank-you_9.csv,64,225
112,1,thank-you_22.csv,258,430
112,2,please_21.csv,463,747
112,3,please_4.csv,780,1049
113,0,i-am-fine_16.csv,46,250
113,1,excuse-me_16.csv,274,429
113,2,i-love-you_2.csv,453,711
114,0,thank-you_10.csv,40,291
114,1,i-am-fine_21.csv,312,467
114,2,i-love-you_8.csv,488,758
115,0,excuse-me_9.csv,50,239
115,1,i-am-fine_19.csv,265,427
115,2,hello_6.csv,453,680
115,3,thank-you_15.csv,706,887
116,0,good-afternoon_14.csv,66,318
116,1,i-love-you_20.csv,352,622
116,2,good-morning_20.csv,656,936
117,0,hello_6.csv,48,275
117,1,hello_19.csv,300,469
117,2,please_9.csv,494,747
117,3,i-love-you_10.csv,772,1080
118,0,excuse-me_9.csv,78,267
118,1,i-am-fine_2.csv,307,549
118,2,hello_24.csv,589,769
118,3,good-afternoon_9.csv,809,1006
119,0,please_31.csv,44,232
119,1,i-am-fine_20.csv,255,439
119,2,i-am-fine_26.csv,462,651
120,0,thank-you_28.csv,48,199
120,1,i-am-fine_1.csv,224,448
120,2,thank-you_6.csv,473,703
120,3,i-love-you_28.csv,728,951
121,0,excuse-me_14.csv,20,163
121,1,good-afternoon_10.csv,174,401
121,2,thank-you_7.csv,412,659
122,0,i-love-you_29.csv,52,275
122,1,i-am-fine_20.csv,302,486
122,2,good-morning_12.csv,513,778
123,0,thank-you_30.csv,24,185
123,1,good-afternoon_17.csv,198,469
123,2,please_18.csv,482,789
123,3,hello_15.csv,802,985
124,0,hello_4.csv,82,352
124,1,thank-you_12.csv,394,635
124,2,thank-you_18.csv,677,826
124,3,please_25.csv,868,1076
125,0,good-morning_5.csv,48,303
125,1,thank-you_19.csv,328,474
125,2,i-am-fine_2.csv,499,741
126,0,i-love-you_26.csv,64,293
126,1,i-am-fine_29.csv,326,494
126,2,i-am-fine_3.csv,527,745
126,3,excuse-me_12.csv,778,968
127,0,good-morning_10.csv,30,294
127,1,please_39.csv,310,498
127,2,good-morning_11.csv,514,721
127,3,please_21.csv,737,1021
128,0,please_10.csv,78,314
128,1,i-am-fine_6.csv,354,608
128,2,hello_27.csv,648,824
129,0,i-am-fine_20.csv,52,236
129,1,please_6.csv,263,517
129,2,excuse-me_4.csv,544,745
130,0,hello_1.csv,76,306
130,1,good-morning_20.csv,345,625
130,2,excuse-me_4.csv,664,865
131,0,please_21.csv,50,334
131,1,good-morning_25.csv,360,535
131,2,good-afternoon_15.csv,561,795
132,0,thank-you_2.csv,78,290
132,1,good-morning_13.csv,330,626
132,2,i-love-you_28.csv,666,889
133,0,good-afternoon_5.csv,24,255
133,1,thank-you_11.csv,268,532
133,2,i-love-you_3.csv,545,810
134,0,good-morning_30.csv,82,242
134,1,hello_18.csv,284,446
134,2,good-morning_12.csv,488,753
135,0,i-love-you_23.csv,20,246
135,1,i-love-you_24.csv,257,462
135,2,good-morning_11.csv,473,680
136,0,i-love-you_16.csv,68,349
136,1,i-love-you_17.csv,384,696
136,2,good-morning_29.csv,731,903
136,3,please_31.csv,938,1126
137,0,hello_3.csv,40,301
137,1,please_24.csv,322,505
137,2,thank-you_2.csv,526,738
138,0,please_19.csv,50,275
138,1,good-morning_5.csv,301,556
138,2,thank-you_24.csv,582,730
139,0,i-am-fine_9.csv,44,233
139,1,i-am-fine_19.csv,256,418
139,2,hello_2.csv,441,670
140,0,good-morning_17.csv,48,359
140,1,excuse-me_12.csv,384,574
140,2,please_34.csv,599,773
141,0,please_35.csv,50,237
141,1,i-am-fine_30.csv,263,445
141,2,good-morning_9.csv,471,766
141,3,please_6.csv,792,1046
142,0,i-am-fine_15.csv,28,221
142,1,good-morning_26.csv,236,408
142,2,i-am-fine_13.csv,423,605
143,0,i-love-you_3.csv,50,315
143,1,thank-you_28.csv,341,492
143,2,excuse-me_12.csv,518,708
144,0,hello_29.csv,72,242
144,1,please_8.csv,279,545
144,2,hello_5.csv,582,783
144,3,i-am-fine_28.csv,820,996
145,0,thank-you_8.csv,26,244
145,1,please_27.csv,258,411
145,2,please_36.csv,425,612
146,0,good-afternoon_19.csv,42,298
146,1,i-love-you_5.csv,320,540
146,2,good-afternoon_11.csv,562,785
146,3,i-love-you_3.csv,807,1072
147,0,good-afternoon_22.csv,20,284
147,1,please_22.csv,295,542
147,2,i-am-fine_30.csv,553,735
148,0,please_27.csv,74,227
148,1,hello_25.csv,265,423
148,2,good-afternoon_16.csv,461,675
149,0,i-love-you_28.csv,42,265
149,1,please_36.csv,287,474
149,2,good-afternoon_5.csv,496,727
149,3,please_31.csv,749,937
150,0,please_18.csv,50,357
150,1,i-am-fine_26.csv,383,572
150,2,i-am-fine_19.csv,598,760
151,0,please_37.csv,24,218
151,1,excuse-me_4.csv,231,432
151,2,thank-you_22.csv,445,617
152,0,i-am-fine_24.csv,78,257
152,1,please_32.csv,297,476
152,2,hello_1.csv,516,746
152,3,excuse-me_8.csv,786,1014
153,0,please_14.csv,20,290
153,1,i-love-you_30.csv,301,523
153,2,i-love-you_19.csv,534,804
154,0,thank-you_17.csv,84,226
154,1,hello_21.csv,269,449
154,2,i-am-fine_15.csv,492,685
154,3,please_18.csv,728,1035
155,0,please_34.csv,24,198
155,1,good-afternoon_16.csv,211,425
155,2,i-am-fine_9.csv,438,627
155,3,good-morning_28.csv,640,819
156,0,please_31.csv,30,218
156,1,i-am-fine_15.csv,234,427
156,2,i-love-you_6.csv,443,740
157,0,excuse-me_1.csv,48,231
157,1,please_14.csv,256,526
157,2,good-morning_6.csv,551,784
157,3,please_3.csv,809,1060
158,0,good-afternoon_5.csv,42,273
158,1,please_31.csv,295,483
158,2,excuse-me_7.csv,505,714
158,3,thank-you_26.csv,736,873
159,0,hello_25.csv,52,210
159,1,good-morning_2.csv,237,463
159,2,thank-you_12.csv,490,731
160,0,good-afternoon_9.csv,74,271
160,1,please_22.csv,309,556
160,2,thank-you_22.csv,594,766
160,3,good-morning_19.csv,804,1049
161,0,thank-you_7.csv,74,321
161,1,hello_14.csv,359,520
161,2,hello_11.csv,558,776
161,3,please_3.csv,814,1065
162,0,excuse-me_3.csv,46,264
162,1,excuse-me_9.csv,288,477
162,2,good-afternoon_13.csv,501,739
163,0,thank-you_17.csv,20,162
163,1,thank-you_23.csv,173,322
163,2,thank-you_18.csv,333,482
163,3,please_25.csv,493,701
164,0,thank-you_5.csv,54,296
164,1,thank-you_18.csv,324,473
164,2,i-am-fine_9.csv,501,690
165,0,excuse-me_12.csv,50,240
165,1,please_14.csv,266,536
165,2,please_10.csv,562,798
165,3,excuse-me_4.csv,824,1025
166,0,good-morning_4.csv,76,285
166,1,hello_15.csv,324,507
166,2,good-morning_4.csv,546,755
167,0,i-love-you_28.csv,50,273
167,1,please_5.csv,299,555
167,2,good-afternoon_14.csv,581,833
168,0,please_29.csv,28,232
168,1,i-am-fine_13.csv,247,429
168,2,hello_8.csv,444,682
168,3,good-afternoon_10.csv,697,924
169,0,good-afternoon_7.csv,30,260
169,1,thank-you_27.csv,276,422
169,2,good-afternoon_3.csv,438,682
170,0,good-afternoon_21.csv,30,290
170,1,i-love-you_11.csv,306,597
170,2,please_5.csv,613,869
170,3,thank-you_6.csv,885,1115
171,0,please_39.csv,80,268
171,1,thank-you_6.csv,309,539
171,2,hello_19.csv,580,749
172,0,good-morning_16.csv,74,371
172,1,thank-you_26.csv,409,546
172,2,please_13.csv,584,851
173,0,excuse-me_6.csv,42,259
173,1,thank-you_8.csv,281,499
173,2,please_20.csv,521,794
174,0,good-morning_26.csv,40,212
174,1,good-afternoon_11.csv,233,456
174,2,good-afternoon_14.csv,477,729
174,3,i-am-fine_11.csv,750,961
175,0,good-morning_22.csv,50,334
175,1,i-love-you_17.csv,360,672
175,2,thank-you_10.csv,698,949
175,3,thank-you_9.csv,975,1136
176,0,i-am-fine_6.csv,22,276
176,1,good-morning_8.csv,288,536
176,2,thank-you_1.csv,548,787
176,3,good-morning_17.csv,799,1110
177,0,thank-you_19.csv,76,222
177,1,i-am-fine_16.csv,261,465
177,2,please_30.csv,504,686
177,3,excuse-me_11.csv,725,922
178,0,good-morning_2.csv,54,280
178,1,good-morning_27.csv,308,494
178,2,please_31.csv,522,710
178,3,hello_30.csv,738,906
179,0,good-morning_6.csv,56,289
179,1,excuse-me_4.csv,318,519
179,2,hello_26.csv,548,707
180,0,good-afternoon_6.csv,78,304
180,1,good-morning_21.csv,344,628
180,2,good-morning_15.csv,668,943
180,3,hello_10.csv,983,1203
181,0,good-morning_3.csv,20,234
181,1,i-am-fine_12.csv,245,434
181,2,good-afternoon_15.csv,445,679
181,3,good-afternoon_17.csv,690,961
182,0,i-love-you_23.csv,46,272
182,1,thank-you_11.csv,296,560
182,2,good-afternoon_7.csv,584,814
183,0,hello_6.csv,50,277
183,1,good-morning_5.csv,303,558
183,2,good-morning_4.csv,584,793
183,3,hello_18.csv,819,981
184,0,good-afternoon_3.csv,76,320
184,1,i-am-fine_16.csv,359,563
184,2,good-morning_7.csv,602,824
185,0,good-morning_28.csv,44,223
185,1,thank-you_24.csv,246,394
185,2,please_5.csv,417,673
185,3,hello_23.csv,696,831
186,0,hello_27.csv,30,206
186,1,i-am-fine_1.csv,222,446
186,2,please_7.csv,462,690
187,0,thank-you_30.csv,76,237
187,1,thank-you_10.csv,276,527
187,2,hello_11.csv,566,784
188,0,good-afternoon_2.csv,86,341
188,1,please_24.csv,385,568
188,2,thank-you_12.csv,612,853
189,0,thank-you_17.csv,56,198
189,1,hello_11.csv,227,445
189,2,hello_20.csv,474,640
189,3,good-morning_25.csv,669,844
190,0,thank-you_22.csv,20,192
190,1,good-morning_16.csv,203,500
190,2,thank-you_30.csv,511,672
190,3,good-morning_5.csv,683,938
191,0,i-am-fine_21.csv,42,197
191,1,thank-you_18.csv,219,368
191,2,please_5.csv,390,646
192,0,hello_26.csv,54,213
192,1,hello_2.csv,241,470
192,2,good-morning_25.csv,498,673
192,3,thank-you_2.csv,701,913
193,0,thank-you_23.csv,22,171
193,1,hello_15.csv,183,366
193,2,please_28.csv,378,573
194,0,excuse-me_13.csv,50,244
194,1,please_17.csv,270,541
194,2,please_10.csv,567,803
195,0,good-morning_28.csv,30,209
195,1,i-am-fine_2.csv,225,467
195,2,i-love-you_21.csv,483,763
195,3,i-am-fine_9.csv,779,968
196,0,hello_7.csv,20,249
196,1,good-afternoon_13.csv,260,498
196,2,thank-you_9.csv,509,670
196,3,hello_5.csv,681,882
197,0,i-am-fine_18.csv,22,202
197,1,thank-you_12.csv,214,455
197,2,please_3.csv,467,718
198,0,hello_3.csv,72,333
198,1,hello_28.csv,370,536
198,2,i-love-you_25.csv,573,798
198,3,please_40.csv,835,1046
199,0,hello_19.csv,20,189
199,1,good-afternoon_3.csv,200,444
199,2,excuse-me_8.csv,455,683
199,3,good-morning_28.csv,694,873
200,0,please_14.csv,74,344
200,1,i-love-you_5.csv,382,602
200,2,i-love-you_14.csv,640,960
201,0,please_17.csv,44,315
201,1,i-love-you_16.csv,338,619
201,2,thank-you_3.csv,642,883
202,0,good-afternoon_10.csv,30,257
202,1,excuse-me_16.csv,273,428
202,2,please_13.csv,444,711
203,0,thank-you_22.csv,44,216
203,1,please_1.csv,239,484
203,2,i-love-you_4.csv,507,821
204,0,thank-you_29.csv,22,162
204,1,i-love-you_7.csv,174,445
204,2,thank-you_10.csv,457,708
204,3,good-afternoon_20.csv,720,973
205,0,thank-you_7.csv,58,305
205,1,please_30.csv,335,517
205,2,hello_30.csv,547,715
205,3,i-am-fine_2.csv,745,987
206,0,i-am-fine_8.csv,50,303
206,1,i-am-fine_25.csv,329,506
206,2,good-afternoon_21.csv,532,792
206,3,i-love-you_18.csv,818,1107
207,0,good-afternoon_18.csv,22,292
207,1,please_3.csv,304,555
207,2,thank-you_21.csv,567,723
207,3,good-afternoon_22.csv,735,999
208,0,thank-you_1.csv,72,311
208,1,hello_16.csv,348,547
208,2,thank-you_3.csv,584,825
208,3,good-afternoon_5.csv,862,1093
209,0,thank-you_23.csv,68,217
209,1,i-am-fine_12.csv,252,441
209,2,hello_12.csv,476,705
210,0,please_30.csv,46,228
210,1,please_14.csv,252,522
210,2,hello_19.csv,546,715
210,3,excuse-me_13.csv,739,933
211,0,hello_10.csv,28,248
211,1,good-afternoon_9.csv,263,460
211,2,please_21.csv,475,759
211,3,please_37.csv,774,968
212,0,good-morning_21.csv,50,334
212,1,excuse-me_8.csv,360,588
212,2,thank-you_24.csv,614,762
213,0,please_4.csv,78,347
213,1,please_34.csv,387,561
213,2,i-love-you_25.csv,601,826
214,0,please_34.csv,74,248
214,1,i-am-fine_24.csv,286,465
214,2,excuse-me_2.csv,503,693
214,3,hello_1.csv,731,961
215,0,please_23.csv,74,253
215,1,hello_24.csv,291,471
215,2,i-love-you_20.csv,509,779
216,0,good-afternoon_18.csv,54,324
216,1,thank-you_28.csv,352,503
216,2,i-am-fine_16.csv,531,735
217,0,please_15.csv,20,300
217,1,i-love-you_9.csv,311,576
217,2,please_30.csv,587,769
217,3,please_21.csv,780,1064
218,0,i-am-fine_6.csv,44,298
218,1,thank-you_18.csv,321,470
218,2,i-love-you_3.csv,493,758
218,3,i-am-fine_20.csv,781,965
219,0,please_8.csv,54,320
219,1,hello_3.csv,348,609
219,2,thank-you_30.csv,637,798
220,0,please_6.csv,42,296
220,1,excuse-me_14.csv,318,461
220,2,good-afternoon_22.csv,483,747
220,3,good-morning_27.csv,769,955
221,0,i-love-you_23.csv,76,302
221,1,please_3.csv,341,592
221,2,i-am-fine_22.csv,631,813
221,3,please_17.csv,852,1123
222,0,good-afternoon_16.csv,78,292
222,1,hello_18.csv,332,494
222,2,i-am-fine_30.csv,534,716
222,3,excuse-me_2.csv,756,946
223,0,i-am-fine_8.csv,48,301
223,1,please_22.csv,326,573
223,2,i-am-fine_13.csv,598,780
224,0,please_16.csv,28,292
224,1,hello_29.csv,307,477
224,2,hello_4.csv,492,762
225,0,excuse-me_16.csv,20,175
225,1,hello_23.csv,186,321
225,2,good-morning_28.csv,332,511
226,0,i-am-fine_19.csv,50,212
226,1,good-afternoon_7.csv,238,468
226,2,excuse-me_2.csv,494,684
226,3,i-am-fine_21.csv,710,865
227,0,hello_10.csv,74,294
227,1,thank-you_30.csv,332,493
227,2,hello_7.csv,531,760
227,3,hello_17.csv,798,951
228,0,thank-you_10.csv,66,317
228,1,i-love-you_4.csv,351,665
228,2,good-afternoon_20.csv,699,952
229,0,good-afternoon_9.csv,76,273
229,1,please_26.csv,312,508
229,2,excuse-me_7.csv,547,756
230,0,good-morning_15.csv,20,295
230,1,thank-you_8.csv,306,524
230,2,hello_14.csv,535,696
231,0,please_22.csv,48,295
231,1,thank-you_6.csv,320,550
231,2,hello_11.csv,575,793
232,0,good-afternoon_19.csv,50,306
232,1,i-love-you_18.csv,332,621
232,2,i-love-you_1.csv,647,947
233,0,i-love-you_19.csv,28,298
233,1,good-morning_12.csv,313,578
233,2,good-morning_9.csv,593,888
234,0,please_34.csv,46,220
234,1,i-am-fine_8.csv,244,497
234,2,please_24.csv,521,704
235,0,good-afternoon_15.csv,66,300
235,1,excuse-me_12.csv,334,524
235,2,i-love-you_1.csv,558,858
235,3,good-afternoon_7.csv,892,1122
236,0,excuse-me_9.csv,30,219
236,1,hello_30.csv,235,403
236,2,good-afternoon_19.csv,419,675
236,3,thank-you_30.csv,691,852
237,0,excuse-me_7.csv,20,229
237,1,good-afternoon_10.csv,240,467
237,2,excuse-me_1.csv,478,661
238,0,i-am-fine_18.csv,68,248
238,1,i-love-you_4.csv,283,597
238,2,please_10.csv,632,868
238,3,i-love-you_5.csv,903,1123
239,0,please_38.csv,62,259
239,1,thank-you_25.csv,291,433
239,2,i-love-you_24.csv,465,670
240,0,please_32.csv,24,203
240,1,i-love-you_25.csv,216,441
240,2,i-am-fine_19.csv,454,616
240,3,i-love-you_30.csv,629,851
241,0,please_3.csv,54,305
241,1,hello_21.csv,333,513
241,2,good-morning_22.csv,541,825
241,3,i-am-fine_5.csv,853,1084
242,0,good-afternoon_15.csv,22,256
242,1,good-morning_4.csv,268,477
242,2,please_3.csv,489,740
242,3,i-love-you_17.csv,752,1064
243,0,thank-you_12.csv,82,323
243,1,good-morning_30.csv,365,525
243,2,good-morning_30.csv,567,727
243,3,i-love-you_11.csv,769,1060
244,0,good-morning_30.csv,22,182
244,1,thank-you_20.csv,194,347
244,2,thank-you_10.csv,359,610
244,3,thank-you_19.csv,622,768
245,0,i-am-fine_8.csv,72,325
245,1,hello_1.csv,362,592
245,2,i-love-you_30.csv,629,851
245,3,please_9.csv,888,1141
246,0,please_14.csv,22,292
246,1,good-afternoon_4.csv,304,554
246,2,good-afternoon_1.csv,566,788
246,3,i-am-fine_12.csv,800,989
247,0,i-love-you_17.csv,20,332
247,1,i-am-fine_4.csv,343,609
247,2,i-love-you_16.csv,620,901
247,3,please_29.csv,912,1116
248,0,good-morning_15.csv,48,323
248,1,good-morning_12.csv,348,613
248,2,please_14.csv,638,908
249,0,hello_19.csv,46,215
249,1,excuse-me_14.csv,239,382
249,2,i-am-fine_14.csv,406,572
249,3,i-am-fine_10.csv,596,815
250,0,i-am-fine_1.csv,22,246
250,1,i-love-you_29.csv,258,481
250,2,hello_10.csv,493,713
251,0,excuse-me_15.csv,20,198
251,1,hello_8.csv,209,447
251,2,good-afternoon_15.csv,458,692
252,0,i-love-you_11.csv,20,311
252,1,i-am-fine_23.csv,322,520
252,2,i-love-you_1.csv,531,831
253,0,thank-you_29.csv,50,190
253,1,hello_21.csv,216,396
253,2,i-love-you_14.csv,422,742
253,3,please_35.csv,768,955
254,0,hello_11.csv,46,264
254,1,thank-you_15.csv,288,469
254,2,please_32.csv,493,672
255,0,i-love-you_1.csv,76,376
255,1,good-afternoon_9.csv,415,612
255,2,i-love-you_19.csv,651,921
256,0,good-morning_19.csv,52,297
256,1,good-morning_18.csv,324,606
256,2,please_6.csv,633,887
256,3,please_5.csv,914,1170
257,0,good-morning_15.csv,52,327
257,1,excuse-me_5.csv,354,601
257,2,please_32.csv,628,807
257,3,hello_28.csv,834,1000
258,0,i-am-fine_22.csv,44,226
258,1,i-love-you_28.csv,249,472
258,2,thank-you_7.csv,495,742
259,0,i-am-fine_27.csv,74,255
259,1,thank-you_5.csv,293,535
259,2,good-morning_29.csv,573,745
259,3,hello_10.csv,783,1003
260,0,hello_3.csv,86,347
260,1,excuse-me_6.csv,391,608
260,2,i-am-fine_28.csv,652,828
261,0,i-love-you_12.csv,76,395
261,1,please_17.csv,434,705
261,2,excuse-me_7.csv,744,953
262,0,excuse-me_10.csv,78,228
262,1,i-love-you_26.csv,268,497
262,2,please_35.csv,537,724
262,3,thank-you_6.csv,764,994
263,0,i-love-you_25.csv,70,295
263,1,hello_30.csv,331,499
263,2,good-afternoon_16.csv,535,749
263,3,excuse-me_11.csv,785,982
264,0,i-love-you_19.csv,22,292
264,1,i-am-fine_28.csv,304,480
264,2,please_29.csv,492,696
264,3,good-morning_25.csv,708,883
265,0,excuse-me_15.csv,40,218
265,1,i-love-you_3.csv,239,504
265,2,thank-you_17.csv,525,667
265,3,excuse-me_14.csv,688,831
266,0,i-love-you_4.csv,68,382
266,1,i-am-fine_17.csv,417,547
266,2,hello_10.csv,582,802
267,0,please_24.csv,46,229
267,1,please_9.csv,253,506
267,2,excuse-me_1.csv,530,713
268,0,thank-you_24.csv,74,222
268,1,thank-you_4.csv,260,489
268,2,excuse-me_11.csv,527,724
269,0,please_2.csv,76,315
269,1,thank-you_21.csv,354,510
269,2,hello_28.csv,549,715
270,0,good-morning_17.csv,52,363
270,1,hello_13.csv,390,556
270,2,thank-you_11.csv,583,847
270,3,i-love-you_9.csv,874,1139
271,0,i-am-fine_18.csv,60,240
271,1,good-afternoon_12.csv,271,514
271,2,thank-you_20.csv,545,698
272,0,good-morning_5.csv,48,303
272,1,thank-you_24.csv,328,476
272,2,hello_11.csv,501,719
273,0,excuse-me_15.csv,74,252
273,1,please_36.csv,290,477
273,2,i-am-fine_22.csv,515,697
273,3,excuse-me_10.csv,735,885
274,0,hello_1.csv,48,278
274,1,hello_2.csv,303,532
274,2,hello_24.csv,557,737
274,3,hello_9.csv,762,1022
275,0,please_37.csv,28,222
275,1,i-am-fine_7.csv,237,497
275,2,hello_16.csv,512,711
276,0,i-love-you_7.csv,24,295
276,1,i-love-you_13.csv,308,626
276,2,hello_5.csv,639,840
277,0,please_31.csv,56,244
277,1,good-afternoon_5.csv,273,504
277,2,please_25.csv,533,741
277,3,excuse-me_8.csv,770,998
278,0,hello_13.csv,76,242
278,1,hello_2.csv,281,510
278,2,good-morning_2.csv,549,775
279,0,please_19.csv,26,251
279,1,thank-you_15.csv,265,446
279,2,please_19.csv,460,685
279,3,thank-you_19.csv,699,845
280,0,please_32.csv,20,199
280,1,please_28.csv,210,405
280,2,thank-you_17.csv,416,558
280,3,good-morning_3.csv,569,783
281,0,i-love-you_4.csv,20,334
281,1,good-afternoon_4.csv,345,595
281,2,excuse-me_7.csv,606,815
282,0,thank-you_21.csv,26,182
282,1,i-love-you_28.csv,196,419
282,2,hello_27.csv,433,609
283,0,i-love-you_29.csv,20,243
283,1,thank-you_17.csv,254,396
283,2,please_20.csv,407,680
283,3,i-am-fine_23.csv,691,889
284,0,please_4.csv,50,319
284,1,hello_21.csv,345,525
284,2,hello_19.csv,551,720
285,0,good-morning_4.csv,48,257
285,1,please_40.csv,282,493
285,2,good-morning_13.csv,518,814
285,3,i-am-fine_9.csv,839,1028
286,0,please_3.csv,22,273
286,1,hello_16.csv,285,484
286,2,good-morning_6.csv,496,729
286,3,i-love-you_13.csv,741,1059
287,0,i-am-fine_7.csv,76,336
287,1,please_9.csv,375,628
287,2,hello_5.csv,667,868
288,0,good-morning_20.csv,70,350
288,1,thank-you_28.csv,386,537
288,2,thank-you_5.csv,573,815
289,0,please_34.csv,64,238
289,1,good-morning_24.csv,271,460
289,2,hello_16.csv,493,692
290,0,hello_26.csv,64,223
290,1,good-morning_7.csv,256,478
290,2,please_23.csv,511,690
291,0,excuse-me_6.csv,50,267
291,1,thank-you_14.csv,293,453
291,2,thank-you_30.csv,479,640
291,3,good-afternoon_6.csv,666,892
292,0,hello_11.csv,26,244
292,1,excuse-me_3.csv,258,476
292,2,please_33.csv,490,671
292,3,please_15.csv,685,965
293,0,thank-you_14.csv,20,180
293,1,good-morning_24.csv,191,380
293,2,please_3.csv,391,642
293,3,thank-you_15.csv,653,834
294,0,i-love-you_16.csv,50,331
294,1,thank-you_14.csv,357,517
294,2,i-love-you_27.csv,543,766
295,0,thank-you_3.csv,58,299
295,1,thank-you_13.csv,329,493
295,2,thank-you_3.csv,523,764
296,0,i-love-you_19.csv,44,314
296,1,i-love-you_12.csv,337,656
296,2,please_36.csv,679,866
297,0,hello_1.csv,46,276
297,1,thank-you_17.csv,300,442
297,2,thank-you_23.csv,466,615
297,3,hello_22.csv,639,798
298,0,please_35.csv,30,217
298,1,good-morning_15.csv,233,508
298,2,please_28.csv,524,719
299,0,i-love-you_22.csv,56,328
299,1,i-love-you_10.csv,357,665
299,2,please_11.csv,694,921
300,0,i-am-fine_1.csv,42,266
300,1,i-am-fine_30.csv,288,470
300,2,i-am-fine_14.csv,492,658
301,0,thank-you_22.csv,48,220
301,1,hello_24.csv,245,425
301,2,please_16.csv,450,714
302,0,hello_4.csv,54,324
302,1,excuse-me_4.csv,352,553
302,2,please_38.csv,581,778
302,3,hello_25.csv,806,964
303,0,thank-you_3.csv,72,313
303,1,i-love-you_11.csv,350,641
303,2,thank-you_26.csv,678,815
304,0,hello_30.csv,80,248
304,1,i-am-fine_17.csv,289,419
304,2,i-am-fine_29.csv,460,628
304,3,good-afternoon_9.csv,669,866
305,0,thank-you_13.csv,20,184
305,1,i-love-you_27.csv,195,418
305,2,i-love-you_1.csv,429,729
306,0,i-am-fine_30.csv,78,260
306,1,hello_24.csv,300,480
306,2,please_36.csv,520,707
306,3,thank-you_12.csv,747,988
307,0,thank-you_6.csv,28,258
307,1,good-morning_26.csv,273,445
307,2,i-love-you_2.csv,460,718
308,0,good-afternoon_14.csv,24,276
308,1,good-morning_24.csv,289,478
308,2,good-morning_11.csv,491,698
309,0,please_35.csv,60,247
309,1,hello_9.csv,278,538
309,2,excuse-me_14.csv,569,712
310,0,hello_18.csv,68,230
310,1,good-morning_22.csv,265,549
310,2,thank-you_14.csv,584,744
310,3,excuse-me_16.csv,779,934
311,0,i-am-fine_4.csv,64,330
311,1,i-love-you_5.csv,363,583
311,2,thank-you_29.csv,616,756
312,0,excuse-me_11.csv,84,281
312,1,i-love-you_21.csv,324,604
312,2,hello_22.csv,647,806
312,3,good-morning_12.csv,849,1114
313,0,excuse-me_14.csv,50,193
313,1,i-love-you_25.csv,219,444
313,2,i-love-you_27.csv,470,693
314,0,thank-you_16.csv,50,234
314,1,hello_21.csv,260,440
314,2,thank-you_4.csv,466,695
315,0,i-am-fine_18.csv,44,224
315,1,good-afternoon_19.csv,247,503
315,2,please_27.csv,526,679
316,0,thank-you_12.csv,30,271
316,1,please_2.csv,287,526
316,2,good-morning_29.csv,542,714
316,3,good-afternoon_2.csv,730,985
317,0,hello_25.csv,40,198
317,1,good-morning_8.csv,219,467
317,2,please_34.csv,488,662
317,3,good-morning_7.csv,683,905
318,0,please_35.csv,64,251
318,1,good-afternoon_2.csv,284,539
318,2,hello_1.csv,572,802
318,3,i-love-you_24.csv,835,1040
319,0,thank-you_5.csv,28,270
319,1,thank-you_14.csv,285,445
319,2,good-afternoon_18.csv,460,730
320,0,i-am-fine_18.csv,50,230
320,1,i-am-fine_26.csv,256,445
320,2,thank-you_12.csv,471,712
321,0,i-am-fine_25.csv,24,201
321,1,i-love-you_1.csv,214,514
321,2,please_34.csv,527,701
322,0,thank-you_14.csv,40,200
322,1,hello_27.csv,221,397
322,2,good-afternoon_15.csv,418,652
322,3,good-morning_11.csv,673,880
323,0,i-love-you_12.csv,70,389
323,1,excuse-me_15.csv,425,603
323,2,i-love-you_20.csv,639,909
324,0,please_38.csv,76,273
324,1,i-love-you_20.csv,312,582
324,2,i-love-you_27.csv,621,844
324,3,good-afternoon_21.csv,883,1143
325,0,i-am-fine_11.csv,52,263
325,1,excuse-me_10.csv,290,440
325,2,good-morning_1.csv,467,705
326,0,i-am-fine_29.csv,28,196
326,1,i-love-you_26.csv,211,440
326,2,thank-you_18.csv,455,604
327,0,good-morning_12.csv,20,285
327,1,please_25.csv,296,504
327,2,excuse-me_12.csv,515,705
328,0,please_1.csv,30,275
328,1,i-love-you_21.csv,291,571
328,2,i-am-fine_8.csv,587,840
328,3,please_10.csv,856,1092
329,0,i-am-fine_7.csv,24,284
329,1,please_10.csv,297,533
329,2,please_23.csv,546,725
330,0,hello_23.csv,68,203
330,1,please_30.csv,238,420
330,2,i-love-you_13.csv,455,773
331,0,i-love-you_7.csv,22,293
331,1,i-love-you_29.csv,305,528
331,2,excuse-me_4.csv,540,741
332,0,good-morning_12.csv,46,311
332,1,thank-you_28.csv,335,486
332,2,hello_18.csv,510,672
332,3,i-am-fine_9.csv,696,885
333,0,i-am-fine_16.csv,44,248
333,1,please_11.csv,271,498
333,2,i-love-you_22.csv,521,793
333,3,good-morning_2.csv,816,1042
334,0,i-am-fine_13.csv,20,202
334,1,i-love-you_14.csv,213,533
334,2,good-morning_6.csv,544,777
334,3,good-afternoon_3.csv,788,1032
335,0,excuse-me_4.csv,78,279
335,1,i-am-fine_14.csv,319,485
335,2,thank-you_27.csv,525,671
335,3,hello_7.csv,711,940
336,0,hello_26.csv,76,235
336,1,i-love-you_13.csv,274,592
336,2,i-am-fine_14.csv,631,797
336,3,thank-you_6.csv,836,1066
337,0,hello_20.csv,50,216
337,1,hello_1.csv,242,472
337,2,hello_30.csv,498,666
337,3,please_14.csv,692,962
338,0,hello_13.csv,30,196
338,1,i-am-fine_13.csv,212,394
338,2,i-love-you_26.csv,410,639
338,3,i-love-you_20.csv,655,925
339,0,good-morning_13.csv,48,344
339,1,please_37.csv,369,563
339,2,i-am-fine_25.csv,588,765
339,3,i-am-fine_11.csv,790,1001
340,0,thank-you_2.csv,48,260
340,1,i-am-fine_7.csv,285,545
340,2,good-afternoon_22.csv,570,834
341,0,i-am-fine_2.csv,66,308
341,1,i-am-fine_4.csv,342,608
341,2,please_6.csv,642,896
341,3,good-morning_7.csv,930,1152
342,0,please_28.csv,24,219
342,1,i-am-fine_28.csv,232,408
342,2,i-love-you_11.csv,421,712
343,0,thank-you_15.csv,42,223
343,1,good-afternoon_9.csv,245,442
343,2,hello_29.csv,464,634
344,0,hello_14.csv,30,191
344,1,hello_10.csv,207,427
344,2,thank-you_11.csv,443,707
344,3,i-am-fine_21.csv,723,878
345,0,please_13.csv,46,313
345,1,thank-you_23.csv,337,486
345,2,i-love-you_21.csv,510,790
345,3,i-love-you_8.csv,814,1084
346,0,i-am-fine_28.csv,24,200
346,1,please_3.csv,213,464
346,2,i-am-fine_13.csv,477,659
347,0,good-afternoon_3.csv,44,288
347,1,i-love-you_25.csv,311,536
347,2,excuse-me_1.csv,559,742
347,3,good-morning_14.csv,765,1077
348,0,i-am-fine_13.csv,20,202
348,1,i-am-fine_24.csv,213,392
348,2,excuse-me_14.csv,403,546
349,0,please_18.csv,88,395
349,1,good-afternoon_21.csv,440,700
349,2,thank-you_13.csv,745,909
349,3,i-love-you_20.csv,954,1224
350,0,good-morning_3.csv,80,294
350,1,thank-you_10.csv,335,586
350,2,excuse-me_2.csv,627,817
351,0,thank-you_1.csv,20,259
351,1,please_33.csv,270,451
351,2,thank-you_5.csv,462,704
352,0,hello_14.csv,76,237
352,1,i-love-you_17.csv,276,588
352,2,hello_18.csv,627,789
352,3,i-love-you_2.csv,828,1086
353,0,excuse-me_3.csv,68,286
353,1,good-morning_9.csv,321,616
353,2,hello_23.csv,651,786
353,3,hello_20.csv,821,987
354,0,good-morning_21.csv,30,314
354,1,i-love-you_23.csv,330,556
354,2,please_25.csv,572,780
355,0,good-morning_20.csv,28,308
355,1,good-morning_18.csv,323,605
355,2,hello_7.csv,620,849
356,0,please_36.csv,20,207
356,1,good-morning_18.csv,218,500
356,2,i-am-fine_21.csv,511,666
356,3,thank-you_22.csv,677,849
357,0,good-morning_19.csv,20,265
357,1,i-love-you_28.csv,276,499
357,2,thank-you_21.csv,510,666
357,3,good-morning_3.csv,677,891
358,0,good-morning_6.csv,44,277
358,1,excuse-me_1.csv,300,483
358,2,thank-you_10.csv,506,757
358,3,please_39.csv,780,968
359,0,i-am-fine_23.csv,44,242
359,1,i-love-you_26.csv,265,494
359,2,i-am-fine_3.csv,517,735
359,3,hello_8.csv,758,996
360,0,please_26.csv,54,250
360,1,hello_6.csv,278,505
360,2,good-morning_9.csv,533,828
361,0,excuse-me_13.csv,72,266
361,1,hello_8.csv,303,541
361,2,please_20.csv,578,851
362,0,hello_2.csv,30,259
362,1,good-morning_27.csv,275,461
362,2,thank-you_23.csv,477,626
363,0,good-morning_22.csv,26,310
363,1,good-afternoon_16.csv,324,538
363,2,thank-you_24.csv,552,700
364,0,good-morning_15.csv,46,321
364,1,good-morning_19.csv,345,590
364,2,good-afternoon_1.csv,614,836
365,0,please_22.csv,20,267
365,1,i-am-fine_19.csv,278,440
365,2,thank-you_6.csv,451,681
366,0,please_38.csv,76,273
366,1,please_28.csv,312,507
366,2,please_35.csv,546,733
367,0,thank-you_8.csv,20,238
367,1,please_5.csv,249,505
367,2,i-am-fine_19.csv,516,678
368,0,please_17.csv,30,301
368,1,good-afternoon_18.csv,317,587
368,2,thank-you_23.csv,603,752
368,3,thank-you_5.csv,768,1010
369,0,good-morning_11.csv,30,237
369,1,excuse-me_1.csv,253,436
369,2,i-love-you_12.csv,452,771
370,0,good-afternoon_7.csv,66,296
370,1,i-love-you_30.csv,330,552
370,2,i-am-fine_9.csv,586,775
371,0,i-love-you_1.csv,26,326
371,1,hello_9.csv,340,600
371,2,thank-you_30.csv,614,775
371,3,please_20.csv,789,1062
372,0,hello_21.csv,28,208
372,1,please_23.csv,223,402
372,2,thank-you_14.csv,417,577
372,3,good-afternoon_14.csv,592,844
373,0,good-morning_28.csv,42,221
373,1,good-morning_29.csv,243,415
373,2,please_24.csv,437,620
373,3,i-love-you_9.csv,642,907
374,0,i-am-fine_15.csv,40,233
374,1,good-afternoon_2.csv,254,509
374,2,i-love-you_16.csv,530,811
375,0,i-am-fine_5.csv,52,283
375,1,hello_11.csv,310,528
375,2,i-love-you_10.csv,555,863
376,0,please_35.csv,46,233
376,1,please_18.csv,257,564
376,2,good-afternoon_8.csv,588,797
376,3,hello_15.csv,821,1004
377,0,good-morning_9.csv,80,375
377,1,please_25.csv,416,624
377,2,i-love-you_3.csv,665,930
377,3,good-afternoon_9.csv,971,1168
378,0,good-afternoon_12.csv,76,319
378,1,good-afternoon_9.csv,358,555
378,2,i-am-fine_4.csv,594,860
379,0,hello_18.csv,28,190
379,1,good-morning_30.csv,205,365
379,2,please_33.csv,380,561
380,0,please_8.csv,22,288
380,1,good-morning_13.csv,300,596
380,2,i-love-you_15.csv,608,872
380,3,hello_20.csv,884,1050
381,0,thank-you_24.csv,54,202
381,1,good-afternoon_18.csv,230,500
381,2,thank-you_15.csv,528,709
381,3,excuse-me_3.csv,737,955
382,0,excuse-me_5.csv,76,323
382,1,i-love-you_7.csv,362,633
382,2,good-afternoon_4.csv,672,922
383,0,i-am-fine_6.csv,76,330
383,1,excuse-me_1.csv,369,552
383,2,please_18.csv,591,898
384,0,good-morning_13.csv,24,320
384,1,i-love-you_19.csv,333,603
384,2,good-afternoon_1.csv,616,838
384,3,hello_24.csv,851,1031
385,0,thank-you_15.csv,46,227
385,1,good-afternoon_8.csv,251,460
385,2,hello_8.csv,484,722
385,3,hello_3.csv,746,1007
386,0,i-am-fine_7.csv,42,302
386,1,please_1.csv,324,569
386,2,thank-you_4.csv,591,820
386,3,i-am-fine_2.csv,842,1084
387,0,thank-you_8.csv,52,270
387,1,hello_14.csv,297,458
387,2,i-am-fine_27.csv,485,666
388,0,please_19.csv,20,245
388,1,good-morning_14.csv,256,568
388,2,good-afternoon_5.csv,579,810
388,3,thank-you_6.csv,821,1051
389,0,hello_8.csv,48,286
389,1,i-love-you_18.csv,311,600
389,2,good-afternoon_3.csv,625,869
389,3,please_2.csv,894,1133
390,0,good-afternoon_15.csv,28,262
390,1,i-love-you_27.csv,277,500
390,2,i-love-you_2.csv,515,773
391,0,hello_5.csv,80,281
391,1,good-afternoon_22.csv,322,586
391,2,please_34.csv,627,801
392,0,excuse-me_6.csv,72,289
392,1,hello_29.csv,326,496
392,2,thank-you_7.csv,533,780
392,3,good-morning_22.csv,817,1101
393,0,good-afternoon_16.csv,48,262
393,1,excuse-me_9.csv,287,476
393,2,please_28.csv,501,696
394,0,please_3.csv,74,325
394,1,good-morning_17.csv,363,674
394,2,hello_23.csv,712,847
394,3,good-morning_24.csv,885,1074
395,0,i-am-fine_6.csv,54,308
395,1,thank-you_7.csv,336,583
395,2,i-am-fine_9.csv,611,800
395,3,hello_16.csv,828,1027
396,0,please_18.csv,72,379
396,1,i-am-fine_24.csv,416,595
396,2,good-morning_19.csv,632,877
397,0,good-afternoon_11.csv,76,299
397,1,excuse-me_8.csv,338,566
397,2,good-afternoon_9.csv,605,802
398,0,please_3.csv,76,327
398,1,i-love-you_27.csv,366,589
398,2,please_14.csv,628,898
399,0,good-morning_3.csv,54,268
399,1,good-morning_2.csv,296,522
399,2,hello_27.csv,550,726
399,3,good-morning_13.csv,754,1050
400,0,i-am-fine_2.csv,82,324
400,1,i-am-fine_11.csv,366,577
400,2,i-am-fine_28.csv,619,795
401,0,thank-you_25.csv,48,190
401,1,hello_10.csv,215,435
401,2,i-love-you_15.csv,460,724
401,3,thank-you_23.csv,749,898
402,0,excuse-me_9.csv,82,271
402,1,hello_27.csv,313,489
402,2,i-love-you_24.csv,531,736
402,3,good-afternoon_15.csv,778,1012
403,0,good-afternoon_1.csv,40,262
403,1,hello_15.csv,283,466
403,2,hello_17.csv,487,640
404,0,hello_13.csv,76,242
404,1,please_13.csv,281,548
404,2,please_39.csv,587,775
404,3,i-am-fine_19.csv,814,976
405,0,good-morning_16.csv,28,325
405,1,excuse-me_15.csv,340,518
405,2,excuse-me_14.csv,533,676
405,3,hello_5.csv,691,892
406,0,thank-you_3.csv,22,263
406,1,i-am-fine_2.csv,275,517
406,2,excuse-me_1.csv,529,712
407,0,hello_7.csv,68,297
407,1,good-morning_13.csv,332,628
407,2,i-am-fine_6.csv,663,917
407,3,hello_30.csv,952,1120
408,0,please_15.csv,68,348
408,1,thank-you_22.csv,383,555
408,2,thank-you_28.csv,590,741
409,0,please_35.csv,20,207
409,1,thank-you_29.csv,218,358
409,2,good-afternoon_13.csv,369,607
409,3,i-love-you_3.csv,618,883
410,0,good-morning_7.csv,44,266
410,1,i-love-you_27.csv,289,512
410,2,good-afternoon_14.csv,535,787
410,3,thank-you_1.csv,810,1049
411,0,good-morning_30.csv,76,236
411,1,i-am-fine_1.csv,275,499
411,2,i-love-you_5.csv,538,758
411,3,please_31.csv,797,985
412,0,i-am-fine_24.csv,26,205
412,1,please_11.csv,219,446
412,2,i-am-fine_9.csv,460,649
413,0,good-morning_30.csv,58,218
413,1,please_29.csv,248,452
413,2,good-morning_29.csv,482,654
413,3,please_25.csv,684,892
414,0,good-morning_9.csv,50,345
414,1,please_7.csv,371,599
414,2,please_36.csv,625,812
415,0,please_31.csv,26,214
415,1,hello_13.csv,228,394
415,2,excuse-me_16.csv,408,563
415,3,thank-you_2.csv,577,789
416,0,good-morning_4.csv,28,237
416,1,thank-you_3.csv,252,493
416,2,good-morning_10.csv,508,772
417,0,hello_5.csv,24,225
417,1,excuse-me_9.csv,238,427
417,2,please_36.csv,440,627
417,3,please_29.csv,640,844
418,0,i-am-fine_29.csv,74,242
418,1,i-am-fine_7.csv,280,540
418,2,good-morning_8.csv,578,826
418,3,good-morning_21.csv,864,1148
419,0,please_34.csv,40,214
419,1,please_40.csv,235,446
419,2,good-afternoon_17.csv,467,738
419,3,i-am-fine_21.csv,759,914
420,0,i-am-fine_7.csv,76,336
420,1,i-am-fine_5.csv,375,606
420,2,hello_28.csv,645,811
420,3,hello_28.csv,850,1016
421,0,thank-you_30.csv,24,185
421,1,i-love-you_26.csv,198,427
421,2,excuse-me_6.csv,440,657
422,0,please_18.csv,78,385
422,1,i-love-you_21.csv,425,705
422,2,hello_6.csv,745,972
423,0,i-am-fine_29.csv,50,218
423,1,please_29.csv,244,448
423,2,good-morning_20.csv,474,754
423,3,good-morning_24.csv,780,969
424,0,please_27.csv,82,235
424,1,i-love-you_3.csv,277,542
424,2,please_36.csv,584,771
424,3,hello_9.csv,813,1073
425,0,please_16.csv,52,316
425,1,thank-you_1.csv,343,582
425,2,thank-you_12.csv,609,850
425,3,please_33.csv,877,1058
426,0,thank-you_8.csv,22,240
426,1,hello_6.csv,252,479
426,2,hello_18.csv,491,653
426,3,i-am-fine_7.csv,665,925
427,0,thank-you_26.csv,48,185
427,1,i-love-you_6.csv,210,507
427,2,good-afternoon_13.csv,532,770
427,3,excuse-me_7.csv,795,1004
428,0,please_35.csv,72,259
428,1,good-afternoon_9.csv,296,493
428,2,i-am-fine_23.csv,530,728
428,3,hello_26.csv,765,924
429,0,i-am-fine_24.csv,50,229
429,1,hello_10.csv,255,475
429,2,i-am-fine_19.csv,501,663
430,0,please_26.csv,48,244
430,1,good-afternoon_19.csv,269,525
430,2,good-morning_7.csv,550,772
430,3,good-morning_9.csv,797,1092
431,0,hello_16.csv,48,247
431,1,hello_26.csv,272,431
431,2,good-afternoon_16.csv,456,670
431,3,good-morning_26.csv,695,867
432,0,i-am-fine_17.csv,44,174
432,1,please_18.csv,197,504
432,2,hello_4.csv,527,797
433,0,hello_12.csv,26,255
433,1,i-love-you_5.csv,269,489
433,2,please_27.csv,503,656
433,3,thank-you_30.csv,670,831
434,0,good-morning_21.csv,52,336
434,1,i-am-fine_7.csv,363,623
434,2,excuse-me_13.csv,650,844
434,3,hello_4.csv,871,1141
435,0,good-morning_8.csv,68,316
435,1,good-afternoon_14.csv,351,603
435,2,please_16.csv,638,902
435,3,thank-you_4.csv,937,1166
436,0,good-morning_5.csv,70,325
436,1,good-afternoon_9.csv,361,558
436,2,hello_24.csv,594,774
437,0,please_15.csv,68,348
437,1,thank-you_21.csv,383,539
437,2,i-am-fine_15.csv,574,767
438,0,i-love-you_12.csv,68,387
438,1,i-am-fine_21.csv,422,577
438,2,hello_18.csv,612,774
438,3,good-afternoon_4.csv,809,1059
439,0,good-afternoon_1.csv,66,288
439,1,i-am-fine_20.csv,322,506
439,2,good-afternoon_10.csv,540,767
439,3,please_39.csv,801,989
440,0,thank-you_1.csv,50,289
440,1,good-morning_28.csv,315,494
440,2,i-am-fine_14.csv,520,686
441,0,please_34.csv,74,248
441,1,i-am-fine_19.csv,286,448
441,2,i-love-you_13.csv,486,804
441,3,please_40.csv,842,1053
442,0,good-morning_22.csv,56,340
442,1,please_35.csv,369,556
442,2,i-am-fine_24.csv,585,764
442,3,good-morning_19.csv,793,1038
443,0,good-afternoon_8.csv,60,269
443,1,hello_8.csv,300,538
443,2,please_29.csv,569,773
444,0,good-morning_26.csv,82,254
444,1,good-afternoon_10.csv,296,523
444,2,thank-you_5.csv,565,807
444,3,i-love-you_21.csv,849,1129
445,0,i-love-you_11.csv,48,339
445,1,thank-you_17.csv,364,506
445,2,i-love-you_23.csv,531,757
445,3,thank-you_13.csv,782,946
446,0,good-morning_14.csv,40,352
446,1,i-love-you_22.csv,373,645
446,2,excuse-me_14.csv,666,809
447,0,hello_5.csv,74,275
447,1,i-am-fine_18.csv,313,493
447,2,i-am-fine_14.csv,531,697
448,0,excuse-me_15.csv,72,250
448,1,please_17.csv,287,558
448,2,hello_2.csv,595,824
449,0,hello_28.csv,56,222
449,1,good-morning_15.csv,251,526
449,2,excuse-me_9.csv,555,744
449,3,good-morning_24.csv,773,962
450,0,good-morning_19.csv,60,305
450,1,i-am-fine_23.csv,336,534
450,2,good-morning_19.csv,565,810
451,0,excuse-me_5.csv,26,273
451,1,please_5.csv,287,543
451,2,hello_15.csv,557,740
451,3,please_28.csv,754,949
452,0,i-love-you_13.csv,30,348
452,1,thank-you_25.csv,364,506
452,2,i-am-fine_24.csv,522,701
453,0,i-love-you_19.csv,20,290
453,1,good-morning_9.csv,301,596
453,2,excuse-me_9.csv,607,796
454,0,i-love-you_25.csv,76,301
454,1,hello_29.csv,340,510
454,2,please_40.csv,549,760
454,3,hello_1.csv,799,1029
455,0,please_39.csv,72,260
455,1,good-afternoon_7.csv,297,527
455,2,thank-you_6.csv,564,794
455,3,hello_13.csv,831,997
456,0,please_2.csv,58,297
456,1,please_30.csv,327,509
456,2,thank-you_30.csv,539,700
457,0,thank-you_11.csv,76,340
457,1,hello_26.csv,379,538
457,2,thank-you_29.csv,577,717
458,0,thank-you_16.csv,66,250
458,1,please_21.csv,284,568
458,2,thank-you_27.csv,602,748
458,3,i-am-fine_1.csv,782,1006
459,0,please_23.csv,74,253
459,1,i-am-fine_23.csv,291,489
459,2,please_30.csv,527,709
459,3,i-love-you_13.csv,747,1065
460,0,good-afternoon_20.csv,70,323
460,1,thank-you_16.csv,359,543
460,2,please_34.csv,579,753
461,0,hello_4.csv,66,336
461,1,excuse-me_4.csv,370,571
461,2,thank-you_11.csv,605,869
461,3,good-afternoon_22.csv,903,1167
462,0,excuse-me_15.csv,24,202
462,1,good-morning_26.csv,215,387
462,2,i-love-you_8.csv,400,670
463,0,good-morning_28.csv,24,203
463,1,i-love-you_1.csv,216,516
463,2,i-love-you_21.csv,529,809
463,3,please_38.csv,822,1019
464,0,good-morning_20.csv,40,320
464,1,please_27.csv,341,494
464,2,hello_27.csv,515,691
464,3,hello_6.csv,712,939
465,0,i-am-fine_27.csv,80,261
465,1,excuse-me_10.csv,302,452
465,2,i-am-fine_5.csv,493,724
466,0,i-am-fine_26.csv,76,265
466,1,good-afternoon_7.csv,304,534
466,2,hello_1.csv,573,803
467,0,thank-you_6.csv,74,304
467,1,thank-you_28.csv,342,493
467,2,thank-you_14.csv,531,691
468,0,please_34.csv,22,196
468,1,excuse-me_3.csv,208,426
468,2,good-afternoon_13.csv,438,676
468,3,thank-you_20.csv,688,841
469,0,please_25.csv,22,230
469,1,excuse-me_7.csv,242,451
469,2,i-love-you_30.csv,463,685
470,0,thank-you_30.csv,44,205
470,1,good-afternoon_2.csv,228,483
470,2,hello_1.csv,506,736
471,0,please_6.csv,74,328
471,1,i-love-you_18.csv,366,655
471,2,i-love-you_27.csv,693,916
471,3,good-morning_7.csv,954,1176
472,0,good-afternoon_11.csv,74,297
472,1,i-am-fine_15.csv,335,528
472,2,i-am-fine_16.csv,566,770
473,0,please_39.csv,46,234
473,1,hello_30.csv,258,426
473,2,please_28.csv,450,645
473,3,i-am-fine_2.csv,669,911
474,0,i-am-fine_29.csv,62,230
474,1,i-am-fine_15.csv,262,455
474,2,good-morning_11.csv,487,694
475,0,i-am-fine_2.csv,22,264
475,1,hello_23.csv,276,411
475,2,good-morning_6.csv,423,656
476,0,i-am-fine_5.csv,24,255
476,1,good-morning_8.csv,268,516
476,2,i-am-fine_28.csv,529,705
477,0,excuse-me_5.csv,70,317
477,1,good-morning_24.csv,353,542
477,2,i-am-fine_23.csv,578,776
478,0,please_34.csv,48,222
478,1,thank-you_6.csv,247,477
478,2,thank-you_24.csv,502,650
479,0,good-afternoon_15.csv,28,262
479,1,thank-you_15.csv,277,458
479,2,thank-you_22.csv,473,645
479,3,i-am-fine_8.csv,660,913
480,0,hello_11.csv,70,288
480,1,please_38.csv,324,521
480,2,i-am-fine_28.csv,557,733
480,3,i-am-fine_10.csv,769,988
481,0,thank-you_14.csv,64,224
481,1,good-morning_13.csv,257,553
481,2,good-afternoon_10.csv,586,813
481,3,i-love-you_11.csv,846,1137
482,0,thank-you_19.csv,74,220
482,1,i-am-fine_22.csv,258,440
482,2,i-am-fine_18.csv,478,658
483,0,please_25.csv,82,290
483,1,excuse-me_12.csv,332,522
483,2,i-am-fine_5.csv,564,795
484,0,i-love-you_16.csv,26,307
484,1,please_19.csv,321,546
484,2,please_34.csv,560,734
485,0,hello_1.csv,74,304
485,1,good-morning_15.csv,342,617
485,2,excuse-me_12.csv,655,845
485,3,excuse-me_14.csv,883,1026
486,0,excuse-me_16.csv,26,181
486,1,good-morning_2.csv,195,421
486,2,thank-you_30.csv,435,596
487,0,thank-you_29.csv,84,224
487,1,good-morning_20.csv,267,547
487,2,hello_29.csv,590,760
488,0,i-love-you_28.csv,68,291
488,1,please_15.csv,326,606
488,2,please_21.csv,641,925
489,0,thank-you_10.csv,80,331
489,1,please_16.csv,372,636
489,2,i-love-you_11.csv,677,968
489,3,please_37.csv,1009,1203
490,0,thank-you_2.csv,24,236
490,1,i-am-fine_23.csv,249,447
490,2,good-morning_15.csv,460,735
491,0,please_9.csv,68,321
491,1,i-am-fine_16.csv,356,560
491,2,hello_21.csv,595,775
491,3,i-love-you_24.csv,810,1015
492,0,i-am-fine_22.csv,66,248
492,1,i-am-fine_19.csv,282,444
492,2,i-am-fine_30.csv,478,660
493,0,i-love-you_2.csv,52,310
493,1,good-afternoon_12.csv,337,580
493,2,hello_14.csv,607,768
494,0,hello_7.csv,50,279
494,1,i-am-fine_14.csv,305,471
494,2,i-love-you_18.csv,497,786
495,0,good-morning_4.csv,48,257
495,1,hello_21.csv,282,462
495,2,hello_22.csv,487,646
495,3,hello_19.csv,671,840
496,0,please_28.csv,44,239
496,1,good-morning_12.csv,262,527
496,2,thank-you_28.csv,550,701
496,3,please_4.csv,724,993
497,0,i-am-fine_18.csv,22,202
497,1,please_4.csv,214,483
497,2,i-love-you_17.csv,495,807
498,0,please_1.csv,22,267
498,1,hello_16.csv,279,478
498,2,i-am-fine_16.csv,490,694
499,0,please_34.csv,70,244
499,1,please_5.csv,280,536
499,2,thank-you_28.csv,572,723
499,3,please_6.csv,759,1013
