stream_id,stream_length,first_window_id,last_window_id
0,978,0,37
1,1122,38,82
2,946,83,119
3,654,120,141
4,745,142,168
5,844,169,200
6,905,201,235
7,985,236,274
8,997,275,313
9,834,314,344
10,848,345,376
11,996,377,415
12,882,416,448
13,775,449,476
14,992,477,515
15,998,516,554
16,988,555,593
17,901,594,627
18,1116,628,672
19,795,673,701
20,822,702,731
21,1040,732,772
22,1213,773,822
23,726,823,848
24,1097,849,892
25,1064,893,935
26,1069,936,978
27,1015,979,1018
28,746,1019,1045
29,987,1046,1084
30,933,1085,1120
31,793,1121,1149
32,818,1150,1179
33,767,1180,1207
34,1079,1208,1250
35,978,1251,1288
36,1064,1289,1331
37,732,1332,1357
38,718,1358,1382
39,978,1383,1420
40,837,1421,1451
41,881,1452,1484
42,1128,1485,1530
43,950,1531,1567
44,1215,1568,1617
45,1220,1618,1667
46,1221,1668,1717
47,1060,1718,1759
48,900,1760,1793
49,829,1794,1824
50,1212,1825,1874
51,1017,1875,1914
52,982,1915,1952
53,851,1953,1984
54,706,1985,2009
55,1026,2010,2050
56,750,2051,2077
57,733,2078,2103
58,1038,2104,2144
59,1122,2145,2189
60,882,2190,2222
61,1176,2223,2270
62,831,2271,2301
63,1183,2302,2350
64,1196,2351,2399
65,974,2400,2437
66,1056,2438,2479
67,975,2480,2517
68,999,2518,2556
69,1107,2557,2601
70,1089,2602,2645
71,1132,2646,2691
72,1126,2692,2737
73,988,2738,2776
74,1076,2777,2819
75,882,2820,2852
76,1082,2853,2895
77,1086,2896,2939
78,1144,2940,2986
79,826,2987,3017
80,737,3018,3043
81,768,3044,3071
82,1157,3072,3118
83,720,3119,3143
84,782,3144,3171
85,799,3172,3200
86,698,3201,3224
87,885,3225,3258
88,746,3259,3285
89,799,3286,3314
90,823,3315,3345
91,844,3346,3377
92,736,3378,3403
93,878,3404,3436
94,805,3437,3466
95,993,3467,3505
96,855,3506,3537
97,714,3538,3562
98,754,3563,3589
99,1136,3590,3635
100,1109,3636,3680
101,1181,3681,3728
102,1226,3729,3779
103,761,3780,3806
104,1045,3807,3848
105,1086,3849,3892
106,805,3893,3922
107,751,3923,3949
108,1143,3950,3996
109,762,3997,4023
110,975,4024,4061
111,1015,4062,4101
112,1086,4102,4145
113,724,4146,4171
114,789,4172,4200
115,926,4201,4236
116,976,4237,4274
117,1102,4275,4318
118,1030,4319,4359
119,690,4360,4383
120,967,4384,4421
121,692,4422,4445
122,791,4446,4474
123,1025,4475,4515
124,1116,4516,4560
125,783,4561,4589
126,1006,4590,4629
127,1048,4630,4671
128,852,4672,4703
129,770,4704,4731
130,904,4732,4766
131,831,4767,4797
132,917,4798,4832
133,821,4833,4862
134,794,4863,4891
135,707,4892,4916
136,1151,4917,4963
137,773,4964,4991
138,769,4992,5019
139,700,5020,5043
140,785,5044,5072
141,1085,5073,5116
142,631,5117,5137
143,730,5138,5163
144,1010,5164,5203
145,638,5204,5224
146,1095,5225,5268
147,763,5269,5296
148,717,5297,5321
149,961,5322,5358
150,785,5359,5387
151,645,5388,5409
152,1030,5410,5450
153,816,5451,5480
154,1072,5481,5523
155,830,5524,5554
156,755,5555,5581
157,1073,5582,5624
158,913,5625,5659
159,759,5660,5686
160,1062,5687,5728
161,1094,5729,5772
162,753,5773,5799
163,744,5800,5826
164,719,5827,5851
165,1055,5852,5893
166,780,5894,5921
167,876,5922,5954
168,946,5955,5991
169,720,5992,6016
170,1140,6017,6062
171,761,6063,6089
172,863,6090,6122
173,832,6123,6153
174,989,6154,6192
175,1152,6193,6239
176,1147,6240,6286
177,950,6287,6323
178,934,6324,6359
179,733,6360,6385
180,1225,6386,6436
181,976,6437,6474
182,852,6475,6506
183,1006,6507,6546
184,850,6547,6578
185,866,6579,6611
186,714,6612,6636
187,795,6637,6665
188,876,6666,6698
189,869,6699,6731
190,977,6732,6769
191,685,6770,6793
192,955,6794,6830
193,584,6831,6849
194,814,6850,6879
195,1006,6880,6919
196,913,6920,6954
197,732,6955,6980
198,1070,6981,7023
199,889,7024,7057
200,999,7058,7096
201,899,7097,7130
202,725,7131,7156
203,848,7157,7188
204,1005,7189,7228
205,1025,7229,7269
206,1132,7270,7315
207,1023,7316,7356
208,1104,7357,7401
209,721,7402,7426
210,969,7427,7464
211,991,7465,7503
212,784,7504,7532
213,852,7533,7564
214,1002,7565,7603
215,794,7604,7632
216,763,7633,7660
217,1079,7661,7703
218,981,7704,7741
219,812,7742,7771
220,994,7772,7810
221,1134,7811,7856
222,980,7857,7894
223,820,7895,7924
224,776,7925,7952
225,527,7953,7968
226,905,7969,8003
227,985,8004,8042
228,964,8043,8080
229,768,8081,8108
230,711,8109,8133
231,817,8134,8163
232,983,8164,8202
233,912,8203,8237
234,738,8238,8263
235,1146,8264,8310
236,863,8311,8343
237,686,8344,8367
238,1165,8368,8415
239,683,8416,8439
240,888,8440,8473
241,1120,8474,8518
242,1078,8519,8561
243,1072,8562,8604
244,779,8605,8632
245,1154,8633,8679
246,1014,8680,8719
247,1127,8720,8765
248,936,8766,8801
249,838,8802,8832
250,737,8833,8858
251,716,8859,8883
252,868,8884,8916
253,995,8917,8955
254,698,8956,8979
255,932,8980,9015
256,1206,9016,9065
257,1041,9066,9106
258,775,9107,9134
259,1041,9135,9175
260,853,9176,9207
261,975,9208,9245
262,1010,9246,9285
263,1009,9286,9325
264,894,9326,9359
265,842,9360,9390
266,817,9391,9420
267,749,9421,9447
268,750,9448,9474
269,749,9475,9501
270,1179,9502,9549
271,721,9550,9574
272,730,9575,9600
273,921,9601,9635
274,1061,9636,9677
275,748,9678,9704
276,875,9705,9737
277,1027,9738,9778
278,814,9779,9808
279,869,9809,9841
280,798,9842,9870
281,837,9871,9901
282,620,9902,9921
283,902,9922,9955
284,736,9956,9981
285,1039,9982,10022
286,1085,10023,10066
287,898,10067,10100
288,830,10101,10131
289,714,10132,10156
290,727,10157,10182
291,903,10183,10217
292,1006,10218,10257
293,860,10258,10289
294,789,10290,10318
295,775,10319,10346
296,903,10347,10381
297,824,10382,10412
298,730,10413,10438
299,959,10439,10475
300,670,10476,10498
301,730,10499,10524
302,977,10525,10562
303,854,10563,10594
304,881,10595,10627
305,759,10628,10654
306,1002,10655,10693
307,747,10694,10720
308,733,10721,10746
309,726,10747,10772
310,950,10773,10809
311,792,10810,10838
312,1150,10839,10885
313,715,10886,10910
314,734,10911,10936
315,704,10937,10961
316,1015,10962,11001
317,943,11002,11038
318,1052,11039,11080
319,756,11081,11107
320,723,11108,11133
321,742,11134,11159
322,916,11160,11194
323,945,11195,11231
324,1157,11232,11278
325,730,11279,11304
326,634,11305,11325
327,731,11326,11351
328,1130,11352,11397
329,761,11398,11424
330,784,11425,11453
331,771,11454,11481
332,907,11482,11516
333,1066,11517,11559
334,1043,11560,11601
335,951,11602,11638
336,1089,11639,11682
337,989,11683,11721
338,949,11722,11758
339,1017,11759,11798
340,850,11799,11830
341,1166,11831,11878
342,748,11879,11905
343,670,11906,11928
344,889,11929,11962
345,1124,11963,12008
346,701,12009,12032
347,1118,12033,12077
348,568,12078,12095
349,1261,12096,12147
350,845,12148,12179
351,720,12180,12204
352,1126,12205,12250
353,1025,12251,12291
354,806,12292,12321
355,860,12322,12353
356,873,12354,12386
357,904,12387,12421
358,1006,12422,12461
359,1010,12462,12501
360,867,12502,12534
361,889,12535,12568
362,637,12569,12589
363,715,12590,12614
364,848,12615,12646
365,692,12647,12670
366,769,12671,12698
367,704,12699,12723
368,1039,12724,12764
369,814,12765,12794
370,790,12795,12823
371,1103,12824,12868
372,860,12869,12900
373,932,12901,12936
374,835,12937,12967
375,874,12968,13000
376,1034,13001,13041
377,1183,13042,13090
378,902,13091,13124
379,587,13125,13143
380,1065,13144,13186
381,980,13187,13224
382,945,13225,13261
383,934,13262,13297
384,1056,13298,13339
385,1019,13340,13379
386,1100,13380,13423
387,679,13424,13446
388,1064,13447,13489
389,1148,13490,13536
390,799,13537,13565
391,815,13566,13595
392,1112,13596,13640
393,735,13641,13666
394,1086,13667,13710
395,1041,13711,13751
396,913,13752,13786
397,826,13787,13817
398,909,13818,13852
399,1075,13853,13895
400,819,13896,13925
401,939,13926,13961
402,1035,13962,14002
403,651,14003,14024
404,1009,14025,14064
405,908,14065,14099
406,751,14100,14126
407,1132,14127,14172
408,776,14173,14200
409,904,14201,14235
410,1070,14236,14278
411,1024,14279,14319
412,664,14320,14342
413,929,14343,14378
414,826,14379,14409
415,801,14410,14438
416,794,14439,14467
417,887,14468,14501
418,1178,14502,14549
419,937,14550,14585
420,1050,14586,14627
421,680,14628,14650
422,998,14651,14689
423,985,14690,14728
424,1110,14729,14773
425,1072,14774,14816
426,948,14817,14853
427,1045,14854,14895
428,948,14896,14932
429,678,14933,14955
430,1106,14956,15000
431,896,15001,15034
432,836,15035,15065
433,871,15066,15098
434,1156,15099,15145
435,1209,15146,15195
436,797,15196,15224
437,793,15225,15253
438,1070,15254,15296
439,1003,15297,15336
440,715,15337,15361
441,1065,15362,15404
442,1063,15405,15447
443,813,15448,15477
444,1142,15478,15523
445,960,15524,15560
446,851,15561,15592
447,734,15593,15618
448,840,15619,15649
449,977,15650,15687
450,851,15688,15719
451,965,15720,15757
452,714,15758,15782
453,825,15783,15813
454,1065,15814,15856
455,1022,15857,15896
456,736,15897,15922
457,760,15923,15949
458,1019,15950,15989
459,1093,15990,16033
460,768,16034,16061
461,1193,16062,16110
462,707,16111,16135
463,1058,16136,16177
464,978,16178,16215
465,735,16216,16241
466,841,16242,16272
467,727,16273,16298
468,852,16299,16330
469,699,16331,16354
470,752,16355,16381
471,1214,16382,16431
472,810,16432,16461
473,923,16462,16497
474,706,16498,16522
475,667,16523,16545
476,744,16546,16572
477,802,16573,16601
478,675,16602,16624
479,928,16625,16660
480,999,16661,16699
481,1181,16700,16747
482,684,16748,16771
483,810,16772,16801
484,770,16802,16829
485,1041,16830,16870
486,618,16871,16890
487,783,16891,16919
488,948,16920,16956
489,1218,16957,17006
490,771,17007,17034
491,1040,17035,17075
492,673,17076,17098
493,783,17099,17127
494,799,17128,17156
495,877,17157,17189
496,1016,17190,17229
497,844,17230,17261
498,708,17262,17286
499,1057,17287,17328
